Player,Position,Nationality
Rolando Aarons,Midfielder,England
Abdul Rahman Baba,Defender,Ghana
Tammy Abraham,Forward,England
Che Adams,Midfielder,England
Albert Adomah,Midfielder,Ghana
Adrián,Goalkeeper,Spain
Adrien Silva,Midfielder,Portugal
Benik Afobe,Forward,The Democratic Republic Of Congo
Sergio Agüero,Forward,Argentina
Daniel Agyei,Forward,England
Soufyan Ahannach,Midfielder,Netherlands
Ahmed El Mohamady,Defender,Egypt
Albian Ajeti,Forward,Switzerland
Nathan Aké,Defender,Netherlands
Alberto Moreno,Defender,Spain
Marc Albrighton,Midfielder,England
Toby Alderweireld,Defender,Belgium
Aleix García,Midfielder,Spain
Trent Alexander-Arnold,Defender,England
Alexis Mac Allister,Midfielder,Argentina
Ali Koiki,Defender,England
Alisson,Goalkeeper,Brazil
Thomas Allan,Forward,England
Allan Souza,Midfielder,Brazil
Miguel Almirón,Midfielder,Paraguay
Marcos Alonso,Defender,Spain
Steven Alzate,Forward,Colombia
Ibrahim Amadou,Midfielder,Cameroon
Daniel Amartey,Midfielder,Ghana
Luke Amos,Midfielder,England
Birkir Bjarnason,Midfielder,Iceland
Joshua Bohui,Forward,England
Tolaji Bola,Defender,England
Yannick Bolasie,Forward,The Democratic Republic Of Congo
Luke Bolton,Midfielder,England
Willy Boly,Defender,Cote D'Ivoire
Gaëtan Bong,Defender,Cameroon
Artur Boruc,Goalkeeper,Poland
Sofiane Boufal,Midfielder,Morocco
Jamie Bowden,Midfielder,England
Robbie Brady,Midfielder,Ireland
Claudio Bravo,Goalkeeper,Chile
James Bree,Defender,England
Rhian Brewster,Forward,England
Miguel Britos,Defender,Uruguay
David Brooks,Midfielder,Wales
Tyias Browning,Defender,England
Bruno,Defender,Spain
Bruno Jordao,Midfielder,Portugal
Kean Bryan,Defender,England
Emiliano Buendía,Midfielder,Argentina
Marcin Bulka,Goalkeeper,Poland
Mark Bunn,Goalkeeper,England
Dan Burn,Defender,England
Robbie Burton,Midfielder,Wales
Matt Butcher,Defender,England
David Button,Goalkeeper,England
Oskar Buur,Defender,Denmark
Jack Bycroft,Goalkeeper,England
Sam Byram,Defender,England
Ethan Ampadu,Defender,Wales
Florin Andone,Forward,Romania
André Gomes,Midfielder,Portugal
Andreas Pereira,Midfielder,Brazil
Angeliño,Defender,Spain
Faustino Anjorin,Midfielder,England
Michail Antonio,Midfielder,England
Antonio Valencia,Defender,Ecuador
Billy Arce,Midfielder,Ecuador
Cameron Archer,Forward,England
Archie Davies,Defender,England
Stuart Armstrong,Midfielder,Scotland
Marko Arnautovic,Forward,Austria
Kepa Arrizabalaga,Goalkeeper,Spain
Harry Arter,Midfielder,Ireland
Daniel Arzani,Midfielder,Australia
Daniel Atherton,Goalkeeper,England
Christian Atsu,Midfielder,Ghana
Pierre-Emerick Aubameyang,Forward,Gabon
Serge Aurier,Defender,Cote D'Ivoire
Charlie Austin,Forward,England
Ayoze Pérez,Forward,Spain
César Azpilicueta,Defender,Spain
Daniel Bachmann,Goalkeeper,Austria
Owen Bailey,Midfielder,England
Eric Bailly,Defender,Cote D'Ivoire
Leighton Baines,Defender,England
Tiemoué Bakayoko,Midfielder,France
Lewis Baker,Midfielder,England
Fabián Balbuena,Defender,Paraguay
George Baldock,Defender,England
Folarin Balogun,Forward,England
Tudor Baluta,Defender,Romania
Beni Baningime,Midfielder,The Democratic Republic Of Congo
Ben Barclay,Defender,England
Phil Bardsley,Defender,Scotland
Ross Barkley,Midfielder,England
Ashley Barnes,Forward,Austria
Antonio Barreca,Defender,Italy
Chris Basham,Defender,England
Michy Batshuayi,Forward,Belgium
Danny Batth,Defender,England
Gavin Bazunu,Goalkeeper,Ireland
Jan Bednarek,Defender,Poland
Asmir Begovic,Goalkeeper,Bosnia And Herzegovina
Héctor Bellerín,Defender,Spain
Yohan Benalouane,Defender,Tunisia
Filip Benkovic,Defender,Croatia
Ryan Bennett,Defender,England
Benny Ashley-Seal,Forward,England
Josh Benson,Midfielder,England
Christian Benteke,Forward,Belgium
Adrián Bernabé,Midfielder,Spain
Bernard,Forward,Brazil
Bernardo,Defender,Brazil
Bernardo Silva,Midfielder,Portugal
Ryan Bertrand,Defender,England
Muhamed Besic,Midfielder,Bosnia And Herzegovina
Philip Billing,Midfielder,Denmark
Yves Bissouma,Midfielder,Mali
Birkir Bjarnason,Midfielder,Iceland
Joshua Bohui,Forward,England
Tolaji Bola,Defender,England
Yannick Bolasie,Forward,The Democratic Republic Of Congo
Luke Bolton,Midfielder,England
Willy Boly,Defender,Cote D'Ivoire
Gaëtan Bong,Defender,Cameroon
Artur Boruc,Goalkeeper,Poland
Sofiane Boufal,Midfielder,Morocco
Jamie Bowden,Midfielder,England
Robbie Brady,Midfielder,Ireland
Claudio Bravo,Goalkeeper,Chile
James Bree,Defender,England
Rhian Brewster,Forward,England
Miguel Britos,Defender,Uruguay
David Brooks,Midfielder,Wales
Tyias Browning,Defender,England
Bruno,Defender,Spain
Bruno Jordao,Midfielder,Portugal
Kean Bryan,Defender,England
Emiliano Buendía,Midfielder,Argentina
Marcin Bulka,Goalkeeper,Poland
Mark Bunn,Goalkeeper,England
Dan Burn,Defender,England
Robbie Burton,Midfielder,Wales
Matt Butcher,Defender,England
David Button,Goalkeeper,England
Oskar Buur,Defender,Denmark
Jack Bycroft,Goalkeeper,England
Sam Byram,Defender,England
Willy Caballero,Goalkeeper,Argentina
Gary Cahill,Defender,England
Callum Wilson,Forward,England
Dominic Calvert-Lewin,Forward,England
Víctor Camarasa,Midfielder,Spain
Brennan Camp,Defender,Scotland
Chem Campbell,Forward,Wales
Todd Cantwell,Midfielder,England
Etienne Capoue,Midfielder,France
Carlos Sánchez,Midfielder,Colombia
Guido Carrillo,Forward,Argentina
Tom Carroll,Midfielder,England
Samir Carruthers,Midfielder,Ireland
Scott Carson,Goalkeeper,England
Cameron Carter-Vickers,Defender,United States
Lewis Cass,Defender,England
Craig Cathcart,Defender,Northern Ireland
Ivan Cavaleiro,Forward,Portugal
Petr Cech,Goalkeeper,Czech Republic
Cédric Soares,Defender,Portugal
Trevoh Chalobah,Midfielder,England
Calum Chambers,Defender,England
James Chester,Defender,Wales
Chicharito,Forward,Mexico
Ben Chilwell,Defender,England
Pedro Chirivella,Midfielder,Spain
Tahith Chong,Forward,Netherlands
Hamza Choudhury,Midfielder,England
Andreas Christensen,Defender,Denmark
Isaac Christie-Davies,Midfielder,England
Mitchell Clark,Defender,Wales
Matthew Clarke,Defender,England
Leighton Clarkson,Midfielder,England
Jordy Clasie,Midfielder,Netherlands
Tom Cleverley,Midfielder,England
Nathaniel Clyne,Defender,England
Conor Coady,Midfielder,England
Alex Cochrane,Defender,England
Jack Colback,Midfielder,England
Séamus Coleman,Defender,Ireland
Will Collar,Midfielder,England
Aaron Connolly,Forward,Ireland
Theo Corbeanu,Forward,Canada
Jack Cork,Midfielder,England
Paul Coutts,Midfielder,Scotland
Conor Coventry,Midfielder,Ireland
Martin Cranie,Defender,England
Aaron Cresswell,Defender,England
Kane Crichlow,Midfielder,Bermuda
Flávio Cristóvão,Defender,Portugal
Andrew Crofts,Midfielder,Wales
Peter Crouch,Forward,England
Cuco Martina,Defender,Curacao
Josh Cullen,Midfielder,Ireland
Jamie Cumming,Goalkeeper,England
Luke Cundle,Midfielder,England
Patrick Cutrone,Forward,Italy
Renat Dadashov,Forward,Azerbaijan
Pontus Dahlberg,Goalkeeper,Sweden
Sam Dalby,Forward,England
Vontae Daley-Campbell,Defender,England
Dani Ceballos,Midfielder,Spain
Charlie Daniels,Defender,England
Danilo,Defender,Brazil
Arnaut Danjuma Groeneveld,Forward,Netherlands
Scott Dann,Defender,England
Danny Ings,Forward,England
Kevin Danso,Defender,Austria
Karl Darlow,Goalkeeper,England
Matteo Darmian,Defender,Italy
David Luiz,Defender,Brazil
David Silva,Midfielder,Spain
Jordan Davies,Midfielder,Wales
Keinan Davis,Midfielder,England
Craig Dawson,Defender,England
Jonathan De Bie,Goalkeeper,Belgium
Kevin De Bruyne,Midfielder,Belgium
David de Gea,Goalkeeper,Spain
Dean Henderson,Goalkeeper,England
Troy Deeney,Forward,England
Jermain Defoe,Forward,England
Steven Defour,Midfielder,Belgium
Dele Alli,Midfielder,England
Fabian Delph,Midfielder,England
Mousa Dembélé,Midfielder,Belgium
Jason Denayer,Defender,Belgium
Leander Dendoncker,Midfielder,Belgium
William Dennis,Goalkeeper,England
Gerard Deulofeu,Forward,Spain
Fousseni Diabaté,Midfielder,Mali
Mohamed Diamé,Midfielder,Senegal
Grady Diangana,Midfielder,England
Brahim Díaz,Forward,Spain
Eric Dier,Midfielder,England
Lucas Digne,Defender,France
Diogo Dalot,Defender,Portugal
Diogo Jota,Forward,Portugal
Alpha Richard Dionkou,Defender,Senegal
Issa Diop,Defender,France
Moussa Djenepo,Midfielder,Mali
Mihai-Alexandru Dobre,Midfielder,Romania
Matt Doherty,Defender,Ireland
Domingos Quina,Midfielder,Portugal
Abdoulaye Doucouré,Midfielder,France
Douglas Luiz,Midfielder,Brazil
Kieran Dowell,Midfielder,England
Tommy Doyle,Midfielder,England
Jake Doyle-Hayes,Midfielder,Ireland
Luke Dreher,Midfielder,England
Daniel Drinkwater,Midfielder,England
Josip Drmic,Forward,Switzerland
Martin Dubravka,Goalkeeper,Slovakia
Shane Duffy,Defender,Ireland
Paul Dummett,Defender,Wales
Bobby Duncan,Forward,England
Lewis Dunk,Defender,England
Jake Eastwood,Goalkeeper,England
Eddie Nketiah,Forward,England
Ederson,Goalkeeper,Brazil
John Egan,Defender,Ireland
Anwar El Ghazi,Midfielder,Netherlands
Callum Elder,Defender,Australia
Robert Elliot,Goalkeeper,Ireland
Harvey Elliott,Midfielder,England
Tommy Elphick,Defender,England
Emerson,Defender,Italy
Björn Engels,Defender,Belgium
Niall Ennis,Forward,England
Bright Enobakhare,Forward,England
Eric García,Defender,Spain
Christian Eriksen,Midfielder,Denmark
Ched Evans,Forward,Wales
Timothy Eyoma,Defender,England
Lukasz Fabianski,Goalkeeper,Poland
Fabinho,Midfielder,Brazil
Cesc FÃ bregas,Midfielder,Spain
Ralf FÃ¤hrmann,Goalkeeper,Germany
Akin Famewo,Defender,England
Federico Fernández,Defender,Argentina
Felipe Anderson,Midfielder,Brazil
Marouane Fellaini,Midfielder,Belgium
Edimilson Fernandes,Midfielder,Switzerland
Fernandinho,Midfielder,Brazil
Ethan Fitzhugh,Midfielder,England
Jake Flannigan,Midfielder,England
John Fleck,Midfielder,Scotland
Phil Foden,Forward,England
Pablo Fornals,Midfielder,Spain
Fraser Forster,Goalkeeper,England
Ben Foster,Goalkeeper,England
Timothy Fosu-Mensah,Defender,Netherlands
Dimitri Foulquier,Defender,Guadeloupe
Juan Foyth,Defender,Argentina
Simon Francis,Defender,England
Marcel Franke,Defender,Germany
Ryan Fraser,Midfielder,Scotland
Fred,Midfielder,Brazil
Freddy Woodman,Goalkeeper,England
Ryan Fredericks,Defender,England
Christian Fuchs,Defender,Austria
Manolo Gabbiadini,Forward,Italy
Gabriel Jesus,Forward,Brazil
Gabriel Martinelli,Midfielder,Brazil
Conor Gallagher,Midfielder,England
Luke Garbutt,Defender,England
James Garner,Midfielder,England
Dwight Gayle,Forward,England
Paulo Gazzaniga,Goalkeeper,Argentina
Jean-Philippe Gbamin,Midfielder,Cote D'Ivoire
Anthony Georgiou,Midfielder,Cyprus
Rachid Ghezzal,Midfielder,Algeria
Morgan Gibbs-White,Midfielder,England
Ben Gibson,Defender,England
Ryan John Giles,Midfielder,England
Charlie Gilmour,Midfielder,Scotland
Gio McGregor,Midfielder,England
Olivier Giroud,Forward,France
Paul Gladon,Forward,Netherlands
Paul Glatzel,Midfielder,England
Anthony Glennon,Defender,England
Ben Godfrey,Midfielder,England
Claudio Gomes,Midfielder,France
Joseph Gomez,Defender,England
GonÃ§alo Cardoso,Defender,Portugal
Anthony Gordon,Forward,England
Dan Gosling,Midfielder,England
Kamil Grabara,Goalkeeper,Poland
Lee Grant,Goalkeeper,England
Demarai Gray,Midfielder,England
Jack Grealish,Midfielder,England
Andre Green,Midfielder,England
Mason Greenwood,Forward,England
Daniel Grimshaw,Goalkeeper,England
Pascal Groß,Midfielder,Germany
Marko Grujic,Midfielder,Serbia
Vicente Guaita,Goalkeeper,Spain
Matteo Guendouzi,Midfielder,France
Idrissa Gueye,Midfielder,Senegal
Frederic Guilbert,Defender,France
Ilkay Gündogan,Midfielder,Germany
Angus Gunn,Goalkeeper,England
Peter Gwargis,Midfielder,Sweden
Gylfi Sigurdsson,Midfielder,Iceland
Viktor Gyökeres,Forward,Sweden
Sead Haksabanovic,Midfielder,Montenegro
Sébastien Haller,Forward,France
Ethan Hamilton,Midfielder,Scotland
Grant Hanley,Defender,Scotland
Kornelius Hansen,Midfielder,Norway
Nathan Harker,Goalkeeper,England
Joe Hart,Goalkeeper,England
Taylor Harwood-Bellis,Defender,England
Kortney Hause,Midfielder,England
Isaac Hayden,Midfielder,England
Tom Heaton,Goalkeeper,England
Michael Hector,Defender,Jamaica
Philip Heise,Defender,Germany
Hélder Costa,Forward,Portugal
Tomer Hemed,Forward,Israel
Stephen Henderson,Goalkeeper,Ireland
Jeff Hendrick,Midfielder,Ireland
Ben Heneghan,Defender,England
Wayne Hennessey,Goalkeeper,Wales
Dion Henry,Goalkeeper,England
Rushian Hepburn-Murphy,Forward,England
Onel Hernández,Midfielder,Cuba
Ander Herrera,Midfielder,Spain
Jake Hesketh,Midfielder,England
Heurelho Gomes,Goalkeeper,Brazil
Mateusz Hewelt,Goalkeeper,Poland
Gonzalo Higuaín,Forward,Argentina
Wesley Hoedt,Defender,Netherlands
Ki-Jana Hoever,Defender,Netherlands
Scott Hogan,Forward,Ireland
Rob Holding,Defender,England
José Holebas,Defender,Greece
Mason Holgate,Defender,England
Nathan Holland,Midfielder,England
Ricky Holmes,Midfielder,England
Nathaniel Shio Hong Wan,Midfielder,England
Conor Hourihane,Midfielder,Ireland
Callum Hudson-Odoi,Forward,England
Will Hughes,Midfielder,England
Jordan Hugill,Forward,England
Cameron Humphreys-Grant,Defender,England
James Husband,Defender,England
Alan Hutton,Defender,Scotland
Emerson Hyndman,Midfielder,United States
Pierre-Emile Højbjerg,Midfielder,Denmark
Jordon Ibe,Midfielder,England
Vicente Iborra,Midfielder,Spain
Adam Idah,Forward,Ireland
Kelechi Iheanacho,Forward,Nigeria
Iker Pozo,Midfielder,Spain
Dejan Iliev,Goalkeeper,
Ryan Inniss,Defender,England
Isaac Success,Forward,Nigeria
Isaiah Brown,Midfielder,England
Ismaila Sarr,Forward,Senegal
Daniel Iversen,Goalkeeper,Denmark
Ivo Pinto,Defender,Portugal
Alex Iwobi,Forward,Nigeria
José Izquierdo,Forward,Colombia
Phil Jagielka,Defender,England
Alireza Jahanbakhsh,Forward,Iran
Eldin Jakupovic,Goalkeeper,Switzerland
Reece James,Defender,England
Alexandre Jankewitz,Midfielder,Switzerland
Daryl Janmaat,Defender,Netherlands
Vincent Janssen,Forward,Netherlands
Vitezslav Jaros,Goalkeeper,Czech Republic
Mile Jedinak,Midfielder,Australia
Carl Jenkinson,Defender,England
Teddy Jenks,Midfielder,England
Roberto Jiménez,Goalkeeper,Spain
Jimmy Dunne,Defender,Ireland
João Cancelo,Defender,Portugal
João Moutinho,Midfielder,Portugal
João Virgínia,Goalkeeper,Portugal
Joe Powell,Midfielder,England
Joe Willock,Midfielder,England
Joel Pereira,Goalkeeper,Portugal
Joelinton,Forward,Brazil
Johann Gudmundsson,Midfielder,Iceland
Viktor Johansson,Goalkeeper,Sweden
Cameron John,Defender,England
Tyreece John-Jules,Forward,England
Marvin Johnson,Midfielder,England
George Johnston,Defender,Scotland
Curtis Jones,Midfielder,England
Jonny,Defender,Spain
Jonny Evans,Defender,Northern Ireland
Corey Jordan,Defender,England
Jordan Ayew,Forward,Ghana
Jordan Henderson,Midfielder,England
Jorginho,Midfielder,Italy
Joselu,Forward,Spain
Josh Sims,Midfielder,England
Jota,Midfielder,Spain
James Justin,Defender,England
Christian Kabasele,Defender,Belgium
Younes Kaboul,Defender,France
Sullay Kaikai,Midfielder,England
Tomas Kalas,Defender,Czech Republic
Lovre Kalinic,Goalkeeper,Croatia
Herbie Kane,Midfielder,England
N'Golo Kanté,Midfielder,France
Bartosz Kapustka,Midfielder,Poland
Loris Karius,Goalkeeper,Germany
Beram Kayal,Midfielder,Israel
Moise Kean,Forward,Italy
Michael Keane,Defender,England
Caoimhin Kelleher,Goalkeeper,Ireland
Lloyd Kelly,Defender,England
Kenedy,Midfielder,Brazil
Jonjoe Kenny,Defender,England
Ryan Kent,Midfielder,England
Ki Sung-yueng,Midfielder,South Korea
Kieron Freeman,Defender,Wales
Kiko Femenía,Defender,Spain
Gavin Kilkenny,Midfielder,Ireland
Max Kilman,Defender,England
Joshua King,Forward,Norway
Nya Kirby,Midfielder,England
Christoph Klarer,Midfielder,Austria
Ragnar Klavan,Defender,Estonia
Timm Klose,Defender,Switzerland
Josh Knight,Defender,England
Anthony Knockaert,Midfielder,France
Jonathan Kodjia,Forward,Cote D'Ivoire
Sead Kolasinac,Defender,Bosnia And Herzegovina
Vincent Kompany,Defender,Belgium
Ezri Konsa Ngoyo,Defender,England
Laurent Koscielny,Defender,France
Billy Koumetio,Defender,France
Cheikhou Kouyaté,Midfielder,Senegal
Mateo Kovacic,Midfielder,Croatia
Matej Kovar,Goalkeeper,Czech Republic
Emil Krafth,Defender,Sweden
Tim Krul,Goalkeeper,Netherlands
Alexandre Lacazette,Forward,France
Daniel Lafferty,Defender,Northern Ireland
Adam Lallana,Midfielder,England
Erik Lamela,Midfielder,Argentina
Tariq Lamptey,Defender,England
Henri Lansbury,Midfielder,England
Manuel Lanzini,Midfielder,Argentina
Aymeric Laporte,Defender,France
Yasser Larouci,Defender,France
Jamaal Lascelles,Defender,England
Caolan Lavery,Forward,Northern Ireland
Achraf Lazaar,Midfielder,Morocco
Adam Leathers,Midfielder,England
Adam Legzdins,Goalkeeper,England
Moritz Leitner,Midfielder,Germany
Florian Lejeune,Defender,France
Mario Lemina,Midfielder,Gabon
Aaron Lennon,Midfielder,England
Bernd Leno,Goalkeeper,Germany
Léo Bonatini,Forward,Brazil
Jefferson Lerma,Midfielder,Colombia
Thakgalo Leshabela,Midfielder,South Africa
Adam Lewis,Midfielder,England
Lewis Cook,Midfielder,England
Stephan Lichtsteiner,Defender,Switzerland
Anders Lindegaard,Goalkeeper,Denmark
Victor Lindelöf,Defender,Sweden
Jesse Lingard,Midfielder,England
Fernando Llorente,Forward,Spain
Hugo Lloris,Goalkeeper,France
Giovani Lo Celso,Midfielder,Argentina
Jürgen Locadia,Forward,Netherlands
Ruben Loftus-Cheek,Midfielder,England
Andy Lonergan,Goalkeeper,England
Kevin Long,Defender,Ireland
Ryan Longman,Midfielder,England
Luis Longstaff,Midfielder,England
Ademola Lookman,Forward,England
Jonas Lössl,Goalkeeper,Denmark
Dejan Lovren,Defender,Croatia
Matthew Lowton,Defender,England
Lucas Moura,Midfielder,Brazil
Lucas Perri,Goalkeeper,Brazil
Lucas Piazon,Midfielder,Brazil
Romelu Lukaku,Forward,Belgium
Luke Freeman,Midfielder,England
Dodi Lukebakio,Forward,Belgium
John Lundstram,Midfielder,England
Brooklyn Lyons-Foster,Defender,England
Ian Maatsen,Defender,Netherlands
Matt Macey,Goalkeeper,England
James Maddison,Midfielder,England
Gary Madine,Forward,England
Harry Maguire,Defender,England
Connor Mahoney,Midfielder,England
Riyad Mahrez,Forward,Algeria
Archie Mair,Goalkeeper,Scotland
Ainsley Maitland-Niles,Midfielder,England
Sadio Mané,Forward,Senegal
Eliaquim Mangala,Defender,France
Javier Manquillo,Defender,Spain
Marc Guehi,Defender,England
Adrian Mariappa,Defender,Jamaica
Lazar Markovic,Forward,Serbia
Christian Marques,Defender,Portugal
George Marsh,Midfielder,England
Ben Marshall,Midfielder,England
Anthony Martial,Forward,France
David Martin,Goalkeeper,England
Emiliano Martínez,Goalkeeper,Argentina
Adam Masina,Defender,Italy
Joe Mason,Forward,Ireland
Ntumba Massanka,Midfielder,England
Arthur Masuaku,Defender,The Democratic Republic Of Congo
Juan Mata,Midfielder,Spain
Nemanja Matic,Midfielder,Serbia
Joel Matip,Defender,Cameroon
Matthew Longstaff,Midfielder,England
Neal Maupay,Forward,France
Konstantinos Mavropanos,Defender,Greece
Max Aarons,Defender,England
James McArthur,Midfielder,Scotland
Oliver McBurnie,Forward,Scotland
James McCarthy,Midfielder,Ireland
Ross McCormack,Forward,Scotland
George McEachran,Midfielder,England
John McGinn,Midfielder,Scotland
David McGoldrick,Forward,Ireland
Michael McGovern,Goalkeeper,Northern Ireland
Harry McKirdy,Midfielder,England
Kenny McLean,Midfielder,Scotland
Dwight McNeil,Midfielder,England
Sam McQueen,Midfielder,England
Scott McTominay,Midfielder,Scotland
Zech Medley,Defender,England
Ben Mee,Defender,England
Nampalys Mendy,Midfielder,France
Chris Mepham,Defender,Wales
Max Meyer,Midfielder,Germany
Matt Miazga,Defender,United States
Simon Mignolet,Goalkeeper,Belgium
Luka Milivojevic,Midfielder,Serbia
Liam Millar,Forward,Canada
James Milner,Midfielder,England
Yerry Mina,Defender,Colombia
Tyrone Mings,Defender,England
Kevin Mirallas,Forward,Belgium
Henrikh Mkhitaryan,Midfielder,Armenia
Jan Mlakar,Forward,Slovenia
Mohamed Elneny,Midfielder,Egypt
Mohamed Elyounoussi,Midfielder,Norway
Mohamed Salah,Forward,Egypt
Jayson Molumby,Midfielder,Ireland
Martín Montoya,Defender,Spain
Elliott Moore,Defender,England
Aaron Mooy,Midfielder,Australia
Álvaro Morata,Forward,Spain
Marlos Moreno,Forward,Colombia
Wes Morgan,Defender,Jamaica
Carlton Morris,Forward,England
Ravel Morrison,Midfielder,England
Victor Moses,Midfielder,Nigeria
Mason Mount,Midfielder,England
Lys Mousset,Forward,France
Arijanet Muric,Goalkeeper,Kosovo
Jacob Murphy,Midfielder,England
Glenn Murray,Forward,England
Admiral Muskwe,Forward,Zimbabwe
Shkodran Mustafi,Defender,Germany
Jordon Mutch,Midfielder,England
Yoshinori Muto,Forward,Japan
Daniel N'Lundulu,Forward,England
Naby Keita,Midfielder,Guinea
Nacho Monreal,Defender,Spain
Marvelous Nakamba,Midfielder,Zimbabwe
Samir Nasri,Midfielder,France
Marc Navarro,Defender,Spain
Tanguy Ndombele,Midfielder,France
Layton Ndukwu,Forward,England
Reiss Nelson,Forward,England
Nélson Oliveira,Forward,Portugal
Oumar Niasse,Forward,Senegal
Georges-Kévin Nkoudou,Forward,France
Felix Nmecha,Midfielder,England
Mark Noble,Midfielder,England
Rhys Norrington-Davies,Defender,Wales
Will Norris,Goalkeeper,England
Oliver Norwood,Midfielder,Northern Ireland
Ã˜rjan Nyland,Goalkeeper,Norway
Jack O'Connell,Defender,England
Thomas O'Connor,Defender,Ireland
Aaron O'Driscoll,Defender,Ireland
Kieran O'Hara,Goalkeeper,Ireland
Callum O'Hare,Midfielder,England
Warren O'Hora,Defender,Ireland
Aiden O'Neill,Midfielder,Australia
Michael Obafemi,Forward,Ireland
Pedro Obiang,Midfielder,Equatorial Guinea
Nnamdi Ofoborh,Midfielder,Nigeria
Angelo Ogbonna,Defender,Italy
Stefano Okaka,Forward,Italy
Shinji Okazaki,Forward,Japan
Ola Aina,Defender,Nigeria
James Olayinka,Midfielder,England
Oludare Olufunwa,Defender,England
Josh Onomah,Midfielder,England
Henry Onyekuru,Forward,Nigeria
Divock Origi,Forward,Belgium
Oriol Romeu,Midfielder,Spain
Ben Osborn,Midfielder,England
Jordi Osei-Tutu,Defender,England
David Ospina,Goalkeeper,Colombia
Leo Ostigard,Defender,Norway
Nicolás Otamendi,Defender,Argentina
Ovie Ejaria,Midfielder,England
Aston Oxborough,Goalkeeper,England
Reece Oxford,Defender,England
Alex Oxlade-Chamberlain,Midfielder,England
Mesut Ã–zil,Midfielder,Germany
Kasey Palmer,Midfielder,England
Erik Palmer-Brown,Defender,United States
Troy Parrott,Forward,Ireland
Mario Pasalic,Midfielder,Croatia
Felix Passlack,Defender,Germany
Alfie Payne,Midfielder,England
Bailey Peacock-Farrell,Goalkeeper,Northern Ireland
Pedro,Forward,Spain
Pedro Neto,Forward,Portugal
Adalberto Peñaranda,Forward,Venezuela
Terell Pennant,Forward,England
Matthew Pennington,Defender,England
Nicolas Pépé,Forward,Cote D'Ivoire
Roberto Pereyra,Midfielder,Argentina
Lucas Pérez,Forward,Spain
Taylor Perry,Midfielder,England
Nathaniel Phillips,Defender,England
Jordan Pickford,Goalkeeper,England
Erik Pieters,Defender,Netherlands
Julio Pleguezuelo,Defender,Spain
Paul Pogba,Midfielder,France
Nick Pope,Goalkeeper,England
Pedro Porro,Defender,Spain
Pote,Midfielder,Portugal
Ian Carlo Poveda-Ocampo,Forward,England
Dennis Praet,Midfielder,Belgium
Sebastian Prödl,Defender,Austria
Davy Pröpper,Midfielder,Netherlands
Marc Pugh,Midfielder,England
Teemu Pukki,Forward,Finland
Christian Pulisic,Midfielder,United States
Jason Puncheon,Midfielder,England
Bojan Radulovic Samoukovic,Forward,Serbia
Rafa Mir,Forward,Spain
Rafael Camacho,Midfielder,Portugal
Sean Raggett,Defender,England
Sandro Ramírez,Forward,Spain
Kayne Ramsay,Defender,England
Aaron Ramsdale,Goalkeeper,England
Aaron Ramsey,Midfielder,Wales
Marcus Rashford,Forward,England
Nathan Redmond,Midfielder,England
Harrison Reed,Midfielder,England
Winston Reid,Defender,New Zealand
Dominic Revan,Defender,England
Jordan Rhodes,Forward,Scotland
Ricardo Pereira,Defender,Portugal
Declan Rice,Defender,England
Taylor Richards,Midfielder,England
Lewis Richardson,Midfielder,England
Richarlison,Forward,Brazil
Diego Rico,Defender,Spain
Jairo Riedewald,Defender,Netherlands
Matt Ritchie,Midfielder,Scotland
Roberto Firmino,Forward,Brazil
Haydon Roberts,Defender,England
Andrew Robertson,Defender,Scotland
Callum Robinson,Forward,Ireland
Roderick Miranda,Defender,Portugal
Rodrigo,Midfielder,Spain
Jay Rodriguez,Forward,England
Marcos Rojo,Defender,Argentina
Jack Roles,Midfielder,Cyprus
Sergio Romero,Goalkeeper,Argentina
Salomón Rondón,Forward,Venezuela
Danny Rose,Defender,England
Rúben Neves,Midfielder,Portugal
Rúben Vinagre,Defender,Portugal
John Ruddy,Goalkeeper,England
Antonio Rüdiger,Defender,Germany
Rui Patrício,Goalkeeper,Portugal
Will Russ,Forward,England
Mat Ryan,Goalkeeper,Australia
Ryan Sessegnon,Midfielder,England
Allan Saint-Maximin,Forward,France
Romain Saïss,Midfielder,Morocco
Henri Saivet,Midfielder,Senegal
Bukayo Saka,Forward,England
Mamadou Sakho,Defender,France
Bakary Sako,Midfielder,Mali
William Saliba,Defender,France
Austin Samuels,Forward,England
Robert Sánchez,Goalkeeper,Spain
Max Sanders,Midfielder,England
Dion Sanderson,Defender,England
Philippe Sandler,Defender,Netherlands
Leroy Sané,Forward,Germany
Matija Sarkic,Goalkeeper,Montenegro
Fabian SchÃ¤r,Defender,Switzerland
Ezequiel Schelotto,Defender,Italy
Jeffrey Schlupp,Defender,Ghana
Kasper Schmeichel,Goalkeeper,Denmark
Morgan Schneiderlin,Midfielder,France
Sean Longstaff,Midfielder,England
Ken Sema,Midfielder,Sweden
Joel Senior,Defender,England
Meritan Shabani,Midfielder,Germany
Xherdan Shaqiri,Forward,Switzerland
Billy Sharp,Forward,England
Luke Shaw,Defender,England
Jonjo Shelvey,Midfielder,England
Sam Sherring,Defender,England
Sheyi Ojo,Midfielder,England
Djibril Sidibé,Defender,France
Jack Simpson,Defender,England
Jerome Sinclair,Forward,England
Moussa Sissoko,Midfielder,France
Oliver Skipp,Midfielder,England
Callum Slattery,Midfielder,England
Islam Slimani,Forward,Algeria
William Smallbone,Forward,Ireland
Chris Smalling,Defender,England
Adam Smith,Defender,England
Emile Smith Rowe,Midfielder,England
Robert Snodgrass,Midfielder,Scotland
Sokratis,Defender,Greece
Dominic Solanke,Forward,England
Solly March,Midfielder,England
Son Heung-Min,Forward,South Korea
Andreas Söndergaard,Goalkeeper,Denmark
Elias Sorensen,Forward,Denmark
Pape Souaré,Defender,Senegal
Çaglar Söyüncü,Defender,Turkey
Julian Speroni,Goalkeeper,Argentina
Jack Spong,Midfielder,England
Dennis Srbeny,Forward,Germany
Jack Stacey,Defender,England
Junior Stanislas,Midfielder,England
Richard Stearman,Defender,England
Jason Steele,Goalkeeper,England
Jed Steer,Goalkeeper,England
Zack Steffen,Goalkeeper,United States
Maarten Stekelenburg,Goalkeeper,Netherlands
Dale Stephens,Midfielder,England
Dujon Sterling,Defender,England
Jamie Sterry,Defender,England
Steve Cook,Defender,England
Enda Stevens,Defender,Ireland
Marco Stiepermann,Midfielder,Germany
John Stones,Defender,England
Daniel Sturridge,Forward,England
Denis Suárez,Midfielder,Spain
Andrew Surman,Midfielder,England
Sam Surridge,Forward,England
Markus Suttner,Defender,Austria
Alexander Sørloth,Forward,Norway
Japhet Tanganga,Defender,England
Shani Tarashaj,Forward,Switzerland
Matt Targett,Defender,England
James Tarkowski,Defender,England
Percy Tau,Forward,South Africa
Nikola Tavares,Defender,England
Neil Taylor,Defender,Wales
Alexander Tettey,Midfielder,Norway
George Thomas,Forward,Wales
Dominic Thompson,Defender,England
Youri Tielemans,Midfielder,Belgium
Kieran Tierney,Defender,Scotland
Timi Odusina,Defender,England
Tom Dele-Bashiru,Midfielder,Nigeria
James Tomkins,Defender,England
Fikayo Tomori,Defender,England
Toni Martínez,Forward,Spain
Lucas Torreira,Midfielder,Uruguay
Tosin Adarabioyo,Defender,England
Cenk Tosun,Forward,Turkey
Andros Townsend,Midfielder,England
Adama Traoré,Forward,Spain
Mark Travers,Goalkeeper,Ireland
Trézéguet,Midfielder,Egypt
Kieran Trippier,Defender,England
Leandro Trossard,Midfielder,Belgium
Tom Trybull,Midfielder,Germany
Aaron Tshibola,Midfielder,The Democratic Republic Of Congo
Axel Tuanzebe,Defender,England
Joe Tupper,Goalkeeper,England
Ike Ugbo,Forward,England
Calvin Ughelumba,Defender,England
Leonardo Ulloa,Forward,Argentina
Yan Valery,Defender,France
Jesús Vallejo,Defender,Spain
Patrick van Aanholt,Defender,Netherlands
Sepp van den Berg,Defender,Netherlands
Virgil van Dijk,Defender,Netherlands
Marco van Ginkel,Midfielder,Netherlands
Jamie Vardy,Forward,England
Michael Verrips,Goalkeeper,Netherlands
Jan Vertonghen,Defender,Belgium
Jannik Vestergaard,Defender,Denmark
Nikola Vlasic,Midfielder,Croatia
Sam Vokes,Forward,Wales
Jake Vokins,Defender,England
Michel Vorm,Goalkeeper,Netherlands
Mario Vrancic,Midfielder,Bosnia And Herzegovina
Matej Vydra,Forward,Czech Republic
Theo Walcott,Forward,England
Kyle Walker,Defender,England
Kyle Walker-Peters,Defender,England
Jonathan Walters,Forward,Ireland
Aaron Wan-Bissaka,Defender,England
Victor Wanyama,Midfielder,Kenya
Stephen Ward,Defender,Ireland
James Ward-Prowse,Midfielder,England
Conor Washington,Forward,Northern Ireland
Elliot Watt,Midfielder,Scotland
Kelland Watts,Midfielder,England
Adam Webster,Defender,England
Danny Welbeck,Forward,England
Nahki Wells,Forward,Bermuda
Wesley,Forward,Brazil
Ashley Westwood,Midfielder,England
Glenn Whelan,Midfielder,Ireland
Ben White,Defender,England
Alfie Whiteman,Goalkeeper,England
Connor Wickham,Forward,England
Georginio Wijnaldum,Midfielder,Netherlands
Yanic Wildschut,Forward,Netherlands
Wilfred Ndidi,Midfielder,Nigeria
Jetro Willems,Defender,Netherlands
Jonathan Williams,Midfielder,Wales
Willian,Forward,Brazil
Ben Wilmot,Defender,England
Jack Wilshere,Midfielder,England
Harry Wilson,Midfielder,Wales
Harry Winks,Midfielder,England
Chris Wood,Forward,New Zealand
Ben Woodburn,Midfielder,Wales
Sam Woods,Defender,England
Callum Wright,Midfielder,England
Xande Silva,Forward,Portugal
Granit Xhaka,Midfielder,Switzerland
Romaric Yapi,Defender,France
Andriy Yarmolenko,Forward,Ukraine
DeAndre Yedlin,Defender,United States
Maya Yoshida,Defender,Japan
Ashley Young,Defender,England
Pablo Zabaleta,Defender,Argentina
Wilfried Zaha,Forward,Cote D'Ivoire
Davide Zappacosta,Defender,Italy
Marvin Zeegelaar,Defender,Netherlands
Jordan Zemura,Defender,England
Karlo Ziger,Goalkeeper,Croatia
Christoph Zimmermann,Defender,Germany
Oleksandr Zinchenko,Midfielder,Ukraine
Nabili Zoubdi Touaizi,Forward,Spain
Kurt Zouma,Defender,France
